{"text": " ini tes untuk whisper apakah bisa bekerja, coba kita lihat", "segments": [{"id": 0, "seek": 0, "start": 0.0, "end": 5.72, "text": " ini tes untuk whisper apakah bisa bekerja, coba kita lihat", "tokens": [50364, 7408, 20018, 12711, 26018, 1882, 40060, 14386, 312, 5767, 2938, 11, 598, 4231, 8965, 45153, 50650], "temperature": 0.0, "avg_logprob": -0.36963844299316406, "compression_ratio": 0.9830508474576272, "no_speech_prob": 0.020972153171896935}], "language": "id"}